entry_id,candidate_path,sha256,width,height,mode,exact_white_ratio,transparent_ratio,corner_pixels,four_corner_white_gate
E-4,assets/ponchi/experiments/batches/ponchi-simplification-rollout-006/E-4/E-4_candidate_v2.png,5e7bbed79d9d6dbd500bfa9827298876a5796dfce96f68d0ffc379369abcb2f7,1774,887,RGB,0.186049,0.000000,"[(254, 255, 255, 255), (255, 255, 254, 255), (254, 253, 253, 255), (254, 253, 254, 255)]",fail
E-4,assets/ponchi/experiments/batches/ponchi-simplification-rollout-006/E-4/E-4_candidate_v3.png,94b058b2949e23ef8eeaac7cae45272f99ab0c3bd7d726bd2fec2e815f50577d,1774,887,RGB,0.194122,0.000000,"[(253, 255, 255, 255), (255, 255, 254, 255), (253, 253, 253, 255), (254, 253, 254, 255)]",fail
F-58,assets/ponchi/experiments/batches/ponchi-simplification-rollout-006/F-58/F-58_candidate_v2.png,9d007fbcc4ad8c18278ba1cb3c6182b1e6b2036d4aa32f381666b3f020fad24b,1774,887,RGBA,0.000000,0.998264,"[(0, 0, 0, 0), (0, 0, 0, 0), (0, 0, 0, 0), (0, 0, 0, 0)]",fail
F-58,assets/ponchi/experiments/batches/ponchi-simplification-rollout-006/F-58/F-58_candidate_v3.png,0152015d8763f57467fe88712041689ef424c08fdd69facc2eb6a646dd23f280,1774,887,RGB,0.146699,0.000000,"[(255, 255, 255, 255), (254, 255, 254, 255), (254, 253, 253, 255), (254, 253, 254, 255)]",fail
F-91,assets/ponchi/experiments/batches/ponchi-simplification-rollout-006/F-91/F-91_candidate_v2.png,f498ea29c3cc27013a6e9076892eaec2c3bdf6ffda3cdf2f5b053e395a30b2fd,1774,887,RGB,0.215940,0.000000,"[(253, 255, 255, 255), (254, 255, 254, 255), (254, 253, 254, 255), (254, 253, 254, 255)]",fail
F-91,assets/ponchi/experiments/batches/ponchi-simplification-rollout-006/F-91/F-91_candidate_v3.png,d364764626d04e1db8be4700f81861646000d966757ec6a8c33e78aa69ab9af9,1774,887,RGB,0.175253,0.000000,"[(254, 255, 255, 255), (254, 255, 254, 255), (254, 253, 254, 255), (253, 253, 253, 255)]",fail
G-39,assets/ponchi/experiments/batches/ponchi-simplification-rollout-006/G-39/G-39_candidate_v2.png,87513263e2cc4110e0b23a145a79378772fed85ce9b6cc3eb37b11d0317cdee5,1774,887,RGB,0.158411,0.000000,"[(254, 255, 255, 255), (255, 255, 254, 255), (253, 254, 253, 255), (254, 253, 253, 255)]",fail
G-39,assets/ponchi/experiments/batches/ponchi-simplification-rollout-006/G-39/G-39_candidate_v3.png,3359a4132913547956b7b4542bd4310a78abd0cab493f55ffd5b518c62aa54f8,1774,887,RGB,0.156972,0.000000,"[(254, 255, 255, 255), (254, 255, 254, 255), (254, 254, 253, 255), (254, 253, 254, 255)]",fail
G-43,assets/ponchi/experiments/batches/ponchi-simplification-rollout-006/G-43/G-43_candidate_v2.png,0c1e95125a8bdffebf7eab1fe19ed293d8f463dadf1e3475d01d5a1039cd9b01,1774,887,RGB,0.252260,0.000000,"[(255, 255, 255, 255), (254, 255, 254, 255), (254, 253, 253, 255), (254, 253, 254, 255)]",fail
G-43,assets/ponchi/experiments/batches/ponchi-simplification-rollout-006/G-43/G-43_candidate_v3.png,594202ac5eab1f87cda3d762f6e60a6308b5b832e507ea1137d6de49db74c751,1774,887,RGB,0.190393,0.000000,"[(255, 255, 255, 255), (254, 254, 254, 255), (254, 253, 253, 255), (254, 253, 254, 255)]",fail
J-16,assets/ponchi/experiments/batches/ponchi-simplification-rollout-006/J-16/J-16_candidate_v2.png,e9a33d13bbc7caef6ee58b4fd83042f252c3081febbdfb5777742916216e6bb8,1774,887,RGB,0.185181,0.000000,"[(253, 255, 255, 255), (254, 254, 254, 255), (253, 253, 253, 255), (254, 253, 254, 255)]",fail
J-16,assets/ponchi/experiments/batches/ponchi-simplification-rollout-006/J-16/J-16_candidate_v3.png,09424436fdbfeeccf6bd6e3a050ad40b642c42f1506693fa4c86dae76f4007cb,1774,887,RGB,0.158222,0.000000,"[(253, 253, 255, 255), (254, 255, 254, 255), (253, 253, 253, 255), (253, 253, 253, 255)]",fail
