check,sample,normalized,pixel_xy,rgba
corner,TL,,"(0, 0)","(253, 255, 255, 255)"
corner,TR,,"(1773, 0)","(254, 254, 254, 255)"
corner,BL,,"(0, 886)","(253, 253, 253, 255)"
corner,BR,,"(1773, 886)","(253, 253, 253, 255)"
registered_point,1,"(0.0150,0.0150)","(27, 13)","(254, 254, 254, 255)"
registered_point,2,"(0.2500,0.0150)","(443, 13)","(255, 255, 255, 255)"
registered_point,3,"(0.0150,0.2500)","(27, 222)","(255, 254, 255, 255)"
registered_point,4,"(0.7500,0.0150)","(1330, 13)","(254, 254, 254, 255)"
registered_point,5,"(0.9850,0.0150)","(1746, 13)","(255, 255, 255, 255)"
registered_point,6,"(0.9850,0.2500)","(1746, 222)","(255, 255, 255, 255)"
registered_point,7,"(0.0150,0.7500)","(27, 664)","(242, 242, 242, 255)"
registered_point,8,"(0.2500,0.9850)","(443, 873)","(254, 254, 254, 255)"
registered_point,9,"(0.0150,0.9850)","(27, 873)","(254, 254, 254, 255)"
registered_point,10,"(0.9850,0.7500)","(1746, 664)","(254, 254, 254, 255)"
registered_point,11,"(0.7500,0.9850)","(1330, 873)","(254, 254, 254, 255)"
registered_point,12,"(0.9850,0.9850)","(1746, 873)","(254, 254, 255, 255)"
