check,sample,normalized,pixel_xy,rgb
corner,TL,,"(0, 0)","(253, 255, 255)"
corner,TR,,"(1773, 0)","(254, 255, 254)"
corner,BL,,"(0, 886)","(253, 253, 253)"
corner,BR,,"(1773, 886)","(254, 253, 254)"
registered_point,1,"(0.0400,0.0400)","(71, 35)","(253, 253, 253)"
registered_point,2,"(0.3000,0.0400)","(532, 35)","(255, 254, 255)"
registered_point,3,"(0.7000,0.0400)","(1242, 35)","(254, 254, 254)"
registered_point,4,"(0.9600,0.0400)","(1703, 35)","(254, 254, 254)"
registered_point,5,"(0.0400,0.9600)","(71, 852)","(255, 255, 255)"
registered_point,6,"(0.3000,0.9600)","(532, 852)","(254, 253, 254)"
registered_point,7,"(0.7000,0.9600)","(1242, 852)","(255, 255, 255)"
registered_point,8,"(0.9600,0.9600)","(1703, 852)","(255, 255, 255)"
