batch_id,entry_id,logo_need,logo_status
ponchi-simplification-pilot-001,A-3,not_needed,logo_avoid
ponchi-simplification-pilot-001,A-7,not_needed,logo_avoid
ponchi-simplification-pilot-001,B-4,required,official_overlay_candidate
ponchi-simplification-pilot-001,B-7,required,official_overlay_candidate
ponchi-simplification-pilot-001,C-6,not_needed,logo_avoid
ponchi-simplification-pilot-001,C-9,not_needed,logo_avoid
ponchi-simplification-pilot-001,D-12,not_needed,logo_avoid
ponchi-simplification-pilot-001,D-51,not_needed,logo_avoid
ponchi-simplification-pilot-001,E-1,not_needed,logo_avoid
ponchi-simplification-pilot-001,E-50,not_needed,logo_avoid
ponchi-simplification-pilot-001,F-2,not_needed,logo_avoid
ponchi-simplification-pilot-001,F-43,not_needed,logo_avoid
ponchi-simplification-pilot-001,G-10,not_needed,logo_avoid
ponchi-simplification-pilot-001,G-41,not_needed,logo_avoid
ponchi-simplification-pilot-001,H-1,not_needed,logo_avoid
ponchi-simplification-pilot-001,H-7,not_needed,logo_avoid
ponchi-simplification-pilot-001,I-2,not_needed,logo_avoid
ponchi-simplification-pilot-001,I-4,not_needed,logo_avoid
ponchi-simplification-pilot-001,J-14,not_needed,logo_avoid
ponchi-simplification-pilot-001,J-84,not_needed,logo_avoid
