"sync_target","entry_id","slot","field","before","after","pre_sync_snapshot_path","pre_sync_snapshot_sha256","post_sync_file_sha256"
"queue","B-24","01","human_simplification_decision","","pending","ledgers/ponchi_simplification_batch_014_source_queue_20260928.csv","2b923d73f36485dfe598c7c1d8ea215f02c13ae2e94cdb6254587f4d05d97b7e","92320f62ad0b93d5ab03a5ca689311a2b8ca750c757422af8cc56f05fc6fcddf"
"queue","B-24","01","latest_prompt_generation_status","","not_authorized","ledgers/ponchi_simplification_batch_014_source_queue_20260928.csv","2b923d73f36485dfe598c7c1d8ea215f02c13ae2e94cdb6254587f4d05d97b7e","92320f62ad0b93d5ab03a5ca689311a2b8ca750c757422af8cc56f05fc6fcddf"
"queue","B-24","01","latest_triage_batch_id","","ponchi-simplification-rollout-014","ledgers/ponchi_simplification_batch_014_source_queue_20260928.csv","2b923d73f36485dfe598c7c1d8ea215f02c13ae2e94cdb6254587f4d05d97b7e","92320f62ad0b93d5ab03a5ca689311a2b8ca750c757422af8cc56f05fc6fcddf"
"queue","B-24","01","latest_triage_disposition","","proposed_triage_only","ledgers/ponchi_simplification_batch_014_source_queue_20260928.csv","2b923d73f36485dfe598c7c1d8ea215f02c13ae2e94cdb6254587f4d05d97b7e","92320f62ad0b93d5ab03a5ca689311a2b8ca750c757422af8cc56f05fc6fcddf"
"queue","B-24","01","next_action","Review current final at 200px; classify OK, minor edit, or simplify.","Run two-lane primary 200x100 complexity triage and independent cross-review; record semantic, style, brand, character, and ROI blockers. No image generation or adoption.","ledgers/ponchi_simplification_batch_014_source_queue_20260928.csv","2b923d73f36485dfe598c7c1d8ea215f02c13ae2e94cdb6254587f4d05d97b7e","92320f62ad0b93d5ab03a5ca689311a2b8ca750c757422af8cc56f05fc6fcddf"
"queue","B-24","01","notes","","2026-09-28 Batch014 selected after independent selection audit PASS /root/prompt_simplify_audit; slot 01; selection hash 2609a88b7cac5092094a46db9f71f72a7d612d27f0b85cf8d0d2e78e3fafadd4; eligible pool hash 89de6a0ee9ba1cf794cf58e89131afff8dbc4e059abfa65aec4f51758560d0c8; source image SHA 79c8d12ba084115d649f57aac4438f383d793644c2346f11859e1829f4d38adc; brief SHA 3deaf423d107186d107e2b5dee1f2af231eaeee9d24a50e3f409af8eea197f7e. Primary triage/cross-review pending; human decision pending; generation/adoption not authorized.","ledgers/ponchi_simplification_batch_014_source_queue_20260928.csv","2b923d73f36485dfe598c7c1d8ea215f02c13ae2e94cdb6254587f4d05d97b7e","92320f62ad0b93d5ab03a5ca689311a2b8ca750c757422af8cc56f05fc6fcddf"
"queue","B-24","01","rollout_status","needs_complexity_triage","batch014_selected_pending_primary_triage","ledgers/ponchi_simplification_batch_014_source_queue_20260928.csv","2b923d73f36485dfe598c7c1d8ea215f02c13ae2e94cdb6254587f4d05d97b7e","92320f62ad0b93d5ab03a5ca689311a2b8ca750c757422af8cc56f05fc6fcddf"
"proposal","B-24","01","next_action","Independent selection audit required before any central queue sync; then run primary triage in two lanes and cross-review.","Run two-lane primary 200x100 complexity triage and independent cross-review; record semantic, style, brand, character, and ROI blockers. No image generation or adoption.","ledgers/ponchi_simplification_batch_014_proposal_before_selection_sync_20260928.csv","bcc6459c90008446450552bacad8976c80998d443f95c49a6cb09e5e90e0bc5c","9c2229d885d3c42c8a9da4760dc9d69ae99fea08f134ebdf33a021451dc2e457"
"proposal","B-24","01","selection_status","proposed_triage_only","selected_pending_primary_triage","ledgers/ponchi_simplification_batch_014_proposal_before_selection_sync_20260928.csv","bcc6459c90008446450552bacad8976c80998d443f95c49a6cb09e5e90e0bc5c","9c2229d885d3c42c8a9da4760dc9d69ae99fea08f134ebdf33a021451dc2e457"
"proposal","B-24","01","triage_sync_status","not_synced_pending_independent_selection_audit","selection_audit_passed_queue_synced_triage_pending","ledgers/ponchi_simplification_batch_014_proposal_before_selection_sync_20260928.csv","bcc6459c90008446450552bacad8976c80998d443f95c49a6cb09e5e90e0bc5c","9c2229d885d3c42c8a9da4760dc9d69ae99fea08f134ebdf33a021451dc2e457"
"queue","B-51","02","human_simplification_decision","","pending","ledgers/ponchi_simplification_batch_014_source_queue_20260928.csv","2b923d73f36485dfe598c7c1d8ea215f02c13ae2e94cdb6254587f4d05d97b7e","92320f62ad0b93d5ab03a5ca689311a2b8ca750c757422af8cc56f05fc6fcddf"
"queue","B-51","02","latest_prompt_generation_status","","not_authorized","ledgers/ponchi_simplification_batch_014_source_queue_20260928.csv","2b923d73f36485dfe598c7c1d8ea215f02c13ae2e94cdb6254587f4d05d97b7e","92320f62ad0b93d5ab03a5ca689311a2b8ca750c757422af8cc56f05fc6fcddf"
"queue","B-51","02","latest_triage_batch_id","","ponchi-simplification-rollout-014","ledgers/ponchi_simplification_batch_014_source_queue_20260928.csv","2b923d73f36485dfe598c7c1d8ea215f02c13ae2e94cdb6254587f4d05d97b7e","92320f62ad0b93d5ab03a5ca689311a2b8ca750c757422af8cc56f05fc6fcddf"
"queue","B-51","02","latest_triage_disposition","","proposed_triage_only","ledgers/ponchi_simplification_batch_014_source_queue_20260928.csv","2b923d73f36485dfe598c7c1d8ea215f02c13ae2e94cdb6254587f4d05d97b7e","92320f62ad0b93d5ab03a5ca689311a2b8ca750c757422af8cc56f05fc6fcddf"
"queue","B-51","02","next_action","Review current final at 200px; classify OK, minor edit, or simplify.","Run two-lane primary 200x100 complexity triage and independent cross-review; record semantic, style, brand, character, and ROI blockers. No image generation or adoption.","ledgers/ponchi_simplification_batch_014_source_queue_20260928.csv","2b923d73f36485dfe598c7c1d8ea215f02c13ae2e94cdb6254587f4d05d97b7e","92320f62ad0b93d5ab03a5ca689311a2b8ca750c757422af8cc56f05fc6fcddf"
"queue","B-51","02","notes","","2026-09-28 Batch014 selected after independent selection audit PASS /root/prompt_simplify_audit; slot 02; selection hash 3bb244bfbee5b563558f7399c82ecc64c12ef3993b35befbf4ea1e6be7a7fe52; eligible pool hash 89de6a0ee9ba1cf794cf58e89131afff8dbc4e059abfa65aec4f51758560d0c8; source image SHA e9c04f990bcf3da4fe2559ef3799a64e7f084987b73a42fcaf4b09fbfb6f171e; brief SHA ed5c918d1408d9482186b92cd484417c2d125b4d0f3155344eba5eef145514c0. Primary triage/cross-review pending; human decision pending; generation/adoption not authorized.","ledgers/ponchi_simplification_batch_014_source_queue_20260928.csv","2b923d73f36485dfe598c7c1d8ea215f02c13ae2e94cdb6254587f4d05d97b7e","92320f62ad0b93d5ab03a5ca689311a2b8ca750c757422af8cc56f05fc6fcddf"
"queue","B-51","02","rollout_status","needs_complexity_triage","batch014_selected_pending_primary_triage","ledgers/ponchi_simplification_batch_014_source_queue_20260928.csv","2b923d73f36485dfe598c7c1d8ea215f02c13ae2e94cdb6254587f4d05d97b7e","92320f62ad0b93d5ab03a5ca689311a2b8ca750c757422af8cc56f05fc6fcddf"
"proposal","B-51","02","next_action","Independent selection audit required before any central queue sync; then run primary triage in two lanes and cross-review.","Run two-lane primary 200x100 complexity triage and independent cross-review; record semantic, style, brand, character, and ROI blockers. No image generation or adoption.","ledgers/ponchi_simplification_batch_014_proposal_before_selection_sync_20260928.csv","bcc6459c90008446450552bacad8976c80998d443f95c49a6cb09e5e90e0bc5c","9c2229d885d3c42c8a9da4760dc9d69ae99fea08f134ebdf33a021451dc2e457"
"proposal","B-51","02","selection_status","proposed_triage_only","selected_pending_primary_triage","ledgers/ponchi_simplification_batch_014_proposal_before_selection_sync_20260928.csv","bcc6459c90008446450552bacad8976c80998d443f95c49a6cb09e5e90e0bc5c","9c2229d885d3c42c8a9da4760dc9d69ae99fea08f134ebdf33a021451dc2e457"
"proposal","B-51","02","triage_sync_status","not_synced_pending_independent_selection_audit","selection_audit_passed_queue_synced_triage_pending","ledgers/ponchi_simplification_batch_014_proposal_before_selection_sync_20260928.csv","bcc6459c90008446450552bacad8976c80998d443f95c49a6cb09e5e90e0bc5c","9c2229d885d3c42c8a9da4760dc9d69ae99fea08f134ebdf33a021451dc2e457"
"queue","B-29","03","human_simplification_decision","","pending","ledgers/ponchi_simplification_batch_014_source_queue_20260928.csv","2b923d73f36485dfe598c7c1d8ea215f02c13ae2e94cdb6254587f4d05d97b7e","92320f62ad0b93d5ab03a5ca689311a2b8ca750c757422af8cc56f05fc6fcddf"
"queue","B-29","03","latest_prompt_generation_status","","not_authorized","ledgers/ponchi_simplification_batch_014_source_queue_20260928.csv","2b923d73f36485dfe598c7c1d8ea215f02c13ae2e94cdb6254587f4d05d97b7e","92320f62ad0b93d5ab03a5ca689311a2b8ca750c757422af8cc56f05fc6fcddf"
"queue","B-29","03","latest_triage_batch_id","","ponchi-simplification-rollout-014","ledgers/ponchi_simplification_batch_014_source_queue_20260928.csv","2b923d73f36485dfe598c7c1d8ea215f02c13ae2e94cdb6254587f4d05d97b7e","92320f62ad0b93d5ab03a5ca689311a2b8ca750c757422af8cc56f05fc6fcddf"
"queue","B-29","03","latest_triage_disposition","","proposed_triage_only","ledgers/ponchi_simplification_batch_014_source_queue_20260928.csv","2b923d73f36485dfe598c7c1d8ea215f02c13ae2e94cdb6254587f4d05d97b7e","92320f62ad0b93d5ab03a5ca689311a2b8ca750c757422af8cc56f05fc6fcddf"
"queue","B-29","03","next_action","Review current final at 200px; classify OK, minor edit, or simplify.","Run two-lane primary 200x100 complexity triage and independent cross-review; record semantic, style, brand, character, and ROI blockers. No image generation or adoption.","ledgers/ponchi_simplification_batch_014_source_queue_20260928.csv","2b923d73f36485dfe598c7c1d8ea215f02c13ae2e94cdb6254587f4d05d97b7e","92320f62ad0b93d5ab03a5ca689311a2b8ca750c757422af8cc56f05fc6fcddf"
"queue","B-29","03","notes","","2026-09-28 Batch014 selected after independent selection audit PASS /root/prompt_simplify_audit; slot 03; selection hash b4bc03b4775fda3e7ec0933e2fa49d66648a3271bed0859aec72a8ec0025f6aa; eligible pool hash 89de6a0ee9ba1cf794cf58e89131afff8dbc4e059abfa65aec4f51758560d0c8; source image SHA aae0bd3cd58522c652b0978fe67f471f23862080262d99314e3ca9501e4505e8; brief SHA 96fb7157362a063bbdd3171df00fa59b2db08f00707a71961d14ae8e4e5bb298. Primary triage/cross-review pending; human decision pending; generation/adoption not authorized.","ledgers/ponchi_simplification_batch_014_source_queue_20260928.csv","2b923d73f36485dfe598c7c1d8ea215f02c13ae2e94cdb6254587f4d05d97b7e","92320f62ad0b93d5ab03a5ca689311a2b8ca750c757422af8cc56f05fc6fcddf"
"queue","B-29","03","rollout_status","needs_complexity_triage","batch014_selected_pending_primary_triage","ledgers/ponchi_simplification_batch_014_source_queue_20260928.csv","2b923d73f36485dfe598c7c1d8ea215f02c13ae2e94cdb6254587f4d05d97b7e","92320f62ad0b93d5ab03a5ca689311a2b8ca750c757422af8cc56f05fc6fcddf"
"proposal","B-29","03","next_action","Independent selection audit required before any central queue sync; then run primary triage in two lanes and cross-review.","Run two-lane primary 200x100 complexity triage and independent cross-review; record semantic, style, brand, character, and ROI blockers. No image generation or adoption.","ledgers/ponchi_simplification_batch_014_proposal_before_selection_sync_20260928.csv","bcc6459c90008446450552bacad8976c80998d443f95c49a6cb09e5e90e0bc5c","9c2229d885d3c42c8a9da4760dc9d69ae99fea08f134ebdf33a021451dc2e457"
"proposal","B-29","03","selection_status","proposed_triage_only","selected_pending_primary_triage","ledgers/ponchi_simplification_batch_014_proposal_before_selection_sync_20260928.csv","bcc6459c90008446450552bacad8976c80998d443f95c49a6cb09e5e90e0bc5c","9c2229d885d3c42c8a9da4760dc9d69ae99fea08f134ebdf33a021451dc2e457"
"proposal","B-29","03","triage_sync_status","not_synced_pending_independent_selection_audit","selection_audit_passed_queue_synced_triage_pending","ledgers/ponchi_simplification_batch_014_proposal_before_selection_sync_20260928.csv","bcc6459c90008446450552bacad8976c80998d443f95c49a6cb09e5e90e0bc5c","9c2229d885d3c42c8a9da4760dc9d69ae99fea08f134ebdf33a021451dc2e457"
"queue","C-60","04","human_simplification_decision","","pending","ledgers/ponchi_simplification_batch_014_source_queue_20260928.csv","2b923d73f36485dfe598c7c1d8ea215f02c13ae2e94cdb6254587f4d05d97b7e","92320f62ad0b93d5ab03a5ca689311a2b8ca750c757422af8cc56f05fc6fcddf"
"queue","C-60","04","latest_prompt_generation_status","","not_authorized","ledgers/ponchi_simplification_batch_014_source_queue_20260928.csv","2b923d73f36485dfe598c7c1d8ea215f02c13ae2e94cdb6254587f4d05d97b7e","92320f62ad0b93d5ab03a5ca689311a2b8ca750c757422af8cc56f05fc6fcddf"
"queue","C-60","04","latest_triage_batch_id","","ponchi-simplification-rollout-014","ledgers/ponchi_simplification_batch_014_source_queue_20260928.csv","2b923d73f36485dfe598c7c1d8ea215f02c13ae2e94cdb6254587f4d05d97b7e","92320f62ad0b93d5ab03a5ca689311a2b8ca750c757422af8cc56f05fc6fcddf"
"queue","C-60","04","latest_triage_disposition","","proposed_triage_only","ledgers/ponchi_simplification_batch_014_source_queue_20260928.csv","2b923d73f36485dfe598c7c1d8ea215f02c13ae2e94cdb6254587f4d05d97b7e","92320f62ad0b93d5ab03a5ca689311a2b8ca750c757422af8cc56f05fc6fcddf"
"queue","C-60","04","next_action","Review current final at 200px; classify OK, minor edit, or simplify.","Run two-lane primary 200x100 complexity triage and independent cross-review; record semantic, style, brand, character, and ROI blockers. No image generation or adoption.","ledgers/ponchi_simplification_batch_014_source_queue_20260928.csv","2b923d73f36485dfe598c7c1d8ea215f02c13ae2e94cdb6254587f4d05d97b7e","92320f62ad0b93d5ab03a5ca689311a2b8ca750c757422af8cc56f05fc6fcddf"
"queue","C-60","04","notes","","2026-09-28 Batch014 selected after independent selection audit PASS /root/prompt_simplify_audit; slot 04; selection hash 10762f1ccd42ae147ed96b9b2936d4ff515a39c012f3fd9c0af5e0e0f06659a1; eligible pool hash 89de6a0ee9ba1cf794cf58e89131afff8dbc4e059abfa65aec4f51758560d0c8; source image SHA bf7b3e67e579f07e74a364bbfbcbc91beb2aefa861fb985d1e091095916357d4; brief SHA 958b7cb1a2c3ec0956c1f8ec68917dc8da8f83569a4aad4cd3df2fa06b10d7f1. Primary triage/cross-review pending; human decision pending; generation/adoption not authorized.","ledgers/ponchi_simplification_batch_014_source_queue_20260928.csv","2b923d73f36485dfe598c7c1d8ea215f02c13ae2e94cdb6254587f4d05d97b7e","92320f62ad0b93d5ab03a5ca689311a2b8ca750c757422af8cc56f05fc6fcddf"
"queue","C-60","04","rollout_status","needs_complexity_triage","batch014_selected_pending_primary_triage","ledgers/ponchi_simplification_batch_014_source_queue_20260928.csv","2b923d73f36485dfe598c7c1d8ea215f02c13ae2e94cdb6254587f4d05d97b7e","92320f62ad0b93d5ab03a5ca689311a2b8ca750c757422af8cc56f05fc6fcddf"
"proposal","C-60","04","next_action","Independent selection audit required before any central queue sync; then run primary triage in two lanes and cross-review.","Run two-lane primary 200x100 complexity triage and independent cross-review; record semantic, style, brand, character, and ROI blockers. No image generation or adoption.","ledgers/ponchi_simplification_batch_014_proposal_before_selection_sync_20260928.csv","bcc6459c90008446450552bacad8976c80998d443f95c49a6cb09e5e90e0bc5c","9c2229d885d3c42c8a9da4760dc9d69ae99fea08f134ebdf33a021451dc2e457"
"proposal","C-60","04","selection_status","proposed_triage_only","selected_pending_primary_triage","ledgers/ponchi_simplification_batch_014_proposal_before_selection_sync_20260928.csv","bcc6459c90008446450552bacad8976c80998d443f95c49a6cb09e5e90e0bc5c","9c2229d885d3c42c8a9da4760dc9d69ae99fea08f134ebdf33a021451dc2e457"
"proposal","C-60","04","triage_sync_status","not_synced_pending_independent_selection_audit","selection_audit_passed_queue_synced_triage_pending","ledgers/ponchi_simplification_batch_014_proposal_before_selection_sync_20260928.csv","bcc6459c90008446450552bacad8976c80998d443f95c49a6cb09e5e90e0bc5c","9c2229d885d3c42c8a9da4760dc9d69ae99fea08f134ebdf33a021451dc2e457"
"queue","D-30","05","human_simplification_decision","","pending","ledgers/ponchi_simplification_batch_014_source_queue_20260928.csv","2b923d73f36485dfe598c7c1d8ea215f02c13ae2e94cdb6254587f4d05d97b7e","92320f62ad0b93d5ab03a5ca689311a2b8ca750c757422af8cc56f05fc6fcddf"
"queue","D-30","05","latest_prompt_generation_status","","not_authorized","ledgers/ponchi_simplification_batch_014_source_queue_20260928.csv","2b923d73f36485dfe598c7c1d8ea215f02c13ae2e94cdb6254587f4d05d97b7e","92320f62ad0b93d5ab03a5ca689311a2b8ca750c757422af8cc56f05fc6fcddf"
"queue","D-30","05","latest_triage_batch_id","","ponchi-simplification-rollout-014","ledgers/ponchi_simplification_batch_014_source_queue_20260928.csv","2b923d73f36485dfe598c7c1d8ea215f02c13ae2e94cdb6254587f4d05d97b7e","92320f62ad0b93d5ab03a5ca689311a2b8ca750c757422af8cc56f05fc6fcddf"
"queue","D-30","05","latest_triage_disposition","","proposed_triage_only","ledgers/ponchi_simplification_batch_014_source_queue_20260928.csv","2b923d73f36485dfe598c7c1d8ea215f02c13ae2e94cdb6254587f4d05d97b7e","92320f62ad0b93d5ab03a5ca689311a2b8ca750c757422af8cc56f05fc6fcddf"
"queue","D-30","05","next_action","Review current final at 200px; classify OK, minor edit, or simplify.","Run two-lane primary 200x100 complexity triage and independent cross-review; record semantic, style, brand, character, and ROI blockers. No image generation or adoption.","ledgers/ponchi_simplification_batch_014_source_queue_20260928.csv","2b923d73f36485dfe598c7c1d8ea215f02c13ae2e94cdb6254587f4d05d97b7e","92320f62ad0b93d5ab03a5ca689311a2b8ca750c757422af8cc56f05fc6fcddf"
"queue","D-30","05","notes","","2026-09-28 Batch014 selected after independent selection audit PASS /root/prompt_simplify_audit; slot 05; selection hash 8d0072a8f605bc1d86a6a8ddf54d42bb47c1d408a0aada7cbfc5eb0e77179608; eligible pool hash 89de6a0ee9ba1cf794cf58e89131afff8dbc4e059abfa65aec4f51758560d0c8; source image SHA 4acb350c6c1430b25df131e0214cfc381adc55a3408933d8089809c82b243fd1; brief SHA e3100807de5518d85090bcd0ab70f63f20d149c96ac973ee2a5c55406efe31de. Primary triage/cross-review pending; human decision pending; generation/adoption not authorized.","ledgers/ponchi_simplification_batch_014_source_queue_20260928.csv","2b923d73f36485dfe598c7c1d8ea215f02c13ae2e94cdb6254587f4d05d97b7e","92320f62ad0b93d5ab03a5ca689311a2b8ca750c757422af8cc56f05fc6fcddf"
"queue","D-30","05","rollout_status","needs_complexity_triage","batch014_selected_pending_primary_triage","ledgers/ponchi_simplification_batch_014_source_queue_20260928.csv","2b923d73f36485dfe598c7c1d8ea215f02c13ae2e94cdb6254587f4d05d97b7e","92320f62ad0b93d5ab03a5ca689311a2b8ca750c757422af8cc56f05fc6fcddf"
"proposal","D-30","05","next_action","Independent selection audit required before any central queue sync; then run primary triage in two lanes and cross-review.","Run two-lane primary 200x100 complexity triage and independent cross-review; record semantic, style, brand, character, and ROI blockers. No image generation or adoption.","ledgers/ponchi_simplification_batch_014_proposal_before_selection_sync_20260928.csv","bcc6459c90008446450552bacad8976c80998d443f95c49a6cb09e5e90e0bc5c","9c2229d885d3c42c8a9da4760dc9d69ae99fea08f134ebdf33a021451dc2e457"
"proposal","D-30","05","selection_status","proposed_triage_only","selected_pending_primary_triage","ledgers/ponchi_simplification_batch_014_proposal_before_selection_sync_20260928.csv","bcc6459c90008446450552bacad8976c80998d443f95c49a6cb09e5e90e0bc5c","9c2229d885d3c42c8a9da4760dc9d69ae99fea08f134ebdf33a021451dc2e457"
"proposal","D-30","05","triage_sync_status","not_synced_pending_independent_selection_audit","selection_audit_passed_queue_synced_triage_pending","ledgers/ponchi_simplification_batch_014_proposal_before_selection_sync_20260928.csv","bcc6459c90008446450552bacad8976c80998d443f95c49a6cb09e5e90e0bc5c","9c2229d885d3c42c8a9da4760dc9d69ae99fea08f134ebdf33a021451dc2e457"
"queue","D-56","06","human_simplification_decision","","pending","ledgers/ponchi_simplification_batch_014_source_queue_20260928.csv","2b923d73f36485dfe598c7c1d8ea215f02c13ae2e94cdb6254587f4d05d97b7e","92320f62ad0b93d5ab03a5ca689311a2b8ca750c757422af8cc56f05fc6fcddf"
"queue","D-56","06","latest_prompt_generation_status","","not_authorized","ledgers/ponchi_simplification_batch_014_source_queue_20260928.csv","2b923d73f36485dfe598c7c1d8ea215f02c13ae2e94cdb6254587f4d05d97b7e","92320f62ad0b93d5ab03a5ca689311a2b8ca750c757422af8cc56f05fc6fcddf"
"queue","D-56","06","latest_triage_batch_id","","ponchi-simplification-rollout-014","ledgers/ponchi_simplification_batch_014_source_queue_20260928.csv","2b923d73f36485dfe598c7c1d8ea215f02c13ae2e94cdb6254587f4d05d97b7e","92320f62ad0b93d5ab03a5ca689311a2b8ca750c757422af8cc56f05fc6fcddf"
"queue","D-56","06","latest_triage_disposition","","proposed_triage_only","ledgers/ponchi_simplification_batch_014_source_queue_20260928.csv","2b923d73f36485dfe598c7c1d8ea215f02c13ae2e94cdb6254587f4d05d97b7e","92320f62ad0b93d5ab03a5ca689311a2b8ca750c757422af8cc56f05fc6fcddf"
"queue","D-56","06","next_action","Review current final at 200px; classify OK, minor edit, or simplify.","Run two-lane primary 200x100 complexity triage and independent cross-review; record semantic, style, brand, character, and ROI blockers. No image generation or adoption.","ledgers/ponchi_simplification_batch_014_source_queue_20260928.csv","2b923d73f36485dfe598c7c1d8ea215f02c13ae2e94cdb6254587f4d05d97b7e","92320f62ad0b93d5ab03a5ca689311a2b8ca750c757422af8cc56f05fc6fcddf"
"queue","D-56","06","notes","","2026-09-28 Batch014 selected after independent selection audit PASS /root/prompt_simplify_audit; slot 06; selection hash f3923f0cd6622a6b95356f45be0b6bf610a5bf6f3d87bac7a4a194b3187b05e4; eligible pool hash 89de6a0ee9ba1cf794cf58e89131afff8dbc4e059abfa65aec4f51758560d0c8; source image SHA ece824ba7bdb49884e6fc45a5f11f1cf1068f2e9fcc0988d6f0a7c10c66555fb; brief SHA 39b790b22f73b388ae9841888b2bcd9e9b3ea1d9141c94c42fc6f9e52185f7e9. Primary triage/cross-review pending; human decision pending; generation/adoption not authorized.","ledgers/ponchi_simplification_batch_014_source_queue_20260928.csv","2b923d73f36485dfe598c7c1d8ea215f02c13ae2e94cdb6254587f4d05d97b7e","92320f62ad0b93d5ab03a5ca689311a2b8ca750c757422af8cc56f05fc6fcddf"
"queue","D-56","06","rollout_status","needs_complexity_triage","batch014_selected_pending_primary_triage","ledgers/ponchi_simplification_batch_014_source_queue_20260928.csv","2b923d73f36485dfe598c7c1d8ea215f02c13ae2e94cdb6254587f4d05d97b7e","92320f62ad0b93d5ab03a5ca689311a2b8ca750c757422af8cc56f05fc6fcddf"
"proposal","D-56","06","next_action","Independent selection audit required before any central queue sync; then run primary triage in two lanes and cross-review.","Run two-lane primary 200x100 complexity triage and independent cross-review; record semantic, style, brand, character, and ROI blockers. No image generation or adoption.","ledgers/ponchi_simplification_batch_014_proposal_before_selection_sync_20260928.csv","bcc6459c90008446450552bacad8976c80998d443f95c49a6cb09e5e90e0bc5c","9c2229d885d3c42c8a9da4760dc9d69ae99fea08f134ebdf33a021451dc2e457"
"proposal","D-56","06","selection_status","proposed_triage_only","selected_pending_primary_triage","ledgers/ponchi_simplification_batch_014_proposal_before_selection_sync_20260928.csv","bcc6459c90008446450552bacad8976c80998d443f95c49a6cb09e5e90e0bc5c","9c2229d885d3c42c8a9da4760dc9d69ae99fea08f134ebdf33a021451dc2e457"
"proposal","D-56","06","triage_sync_status","not_synced_pending_independent_selection_audit","selection_audit_passed_queue_synced_triage_pending","ledgers/ponchi_simplification_batch_014_proposal_before_selection_sync_20260928.csv","bcc6459c90008446450552bacad8976c80998d443f95c49a6cb09e5e90e0bc5c","9c2229d885d3c42c8a9da4760dc9d69ae99fea08f134ebdf33a021451dc2e457"
"queue","E-22","07","human_simplification_decision","","pending","ledgers/ponchi_simplification_batch_014_source_queue_20260928.csv","2b923d73f36485dfe598c7c1d8ea215f02c13ae2e94cdb6254587f4d05d97b7e","92320f62ad0b93d5ab03a5ca689311a2b8ca750c757422af8cc56f05fc6fcddf"
"queue","E-22","07","latest_prompt_generation_status","","not_authorized","ledgers/ponchi_simplification_batch_014_source_queue_20260928.csv","2b923d73f36485dfe598c7c1d8ea215f02c13ae2e94cdb6254587f4d05d97b7e","92320f62ad0b93d5ab03a5ca689311a2b8ca750c757422af8cc56f05fc6fcddf"
"queue","E-22","07","latest_triage_batch_id","","ponchi-simplification-rollout-014","ledgers/ponchi_simplification_batch_014_source_queue_20260928.csv","2b923d73f36485dfe598c7c1d8ea215f02c13ae2e94cdb6254587f4d05d97b7e","92320f62ad0b93d5ab03a5ca689311a2b8ca750c757422af8cc56f05fc6fcddf"
"queue","E-22","07","latest_triage_disposition","","proposed_triage_only","ledgers/ponchi_simplification_batch_014_source_queue_20260928.csv","2b923d73f36485dfe598c7c1d8ea215f02c13ae2e94cdb6254587f4d05d97b7e","92320f62ad0b93d5ab03a5ca689311a2b8ca750c757422af8cc56f05fc6fcddf"
"queue","E-22","07","next_action","Review current final at 200px; classify OK, minor edit, or simplify.","Run two-lane primary 200x100 complexity triage and independent cross-review; record semantic, style, brand, character, and ROI blockers. No image generation or adoption.","ledgers/ponchi_simplification_batch_014_source_queue_20260928.csv","2b923d73f36485dfe598c7c1d8ea215f02c13ae2e94cdb6254587f4d05d97b7e","92320f62ad0b93d5ab03a5ca689311a2b8ca750c757422af8cc56f05fc6fcddf"
"queue","E-22","07","notes","","2026-09-28 Batch014 selected after independent selection audit PASS /root/prompt_simplify_audit; slot 07; selection hash 6d8ec798208299403e63f5b67bc902797f3f35d183ca7915fac4cc37314aaef3; eligible pool hash 89de6a0ee9ba1cf794cf58e89131afff8dbc4e059abfa65aec4f51758560d0c8; source image SHA bc17241e30700eb32d9e15f3259d3e268c1222984e688ec8ca05f099b7977ce0; brief SHA 1464b76a2eb018d71ec2e896aa81addf1680bee08c287f1ebea425c9e55a958d. Primary triage/cross-review pending; human decision pending; generation/adoption not authorized.","ledgers/ponchi_simplification_batch_014_source_queue_20260928.csv","2b923d73f36485dfe598c7c1d8ea215f02c13ae2e94cdb6254587f4d05d97b7e","92320f62ad0b93d5ab03a5ca689311a2b8ca750c757422af8cc56f05fc6fcddf"
"queue","E-22","07","rollout_status","needs_complexity_triage","batch014_selected_pending_primary_triage","ledgers/ponchi_simplification_batch_014_source_queue_20260928.csv","2b923d73f36485dfe598c7c1d8ea215f02c13ae2e94cdb6254587f4d05d97b7e","92320f62ad0b93d5ab03a5ca689311a2b8ca750c757422af8cc56f05fc6fcddf"
"proposal","E-22","07","next_action","Independent selection audit required before any central queue sync; then run primary triage in two lanes and cross-review.","Run two-lane primary 200x100 complexity triage and independent cross-review; record semantic, style, brand, character, and ROI blockers. No image generation or adoption.","ledgers/ponchi_simplification_batch_014_proposal_before_selection_sync_20260928.csv","bcc6459c90008446450552bacad8976c80998d443f95c49a6cb09e5e90e0bc5c","9c2229d885d3c42c8a9da4760dc9d69ae99fea08f134ebdf33a021451dc2e457"
"proposal","E-22","07","selection_status","proposed_triage_only","selected_pending_primary_triage","ledgers/ponchi_simplification_batch_014_proposal_before_selection_sync_20260928.csv","bcc6459c90008446450552bacad8976c80998d443f95c49a6cb09e5e90e0bc5c","9c2229d885d3c42c8a9da4760dc9d69ae99fea08f134ebdf33a021451dc2e457"
"proposal","E-22","07","triage_sync_status","not_synced_pending_independent_selection_audit","selection_audit_passed_queue_synced_triage_pending","ledgers/ponchi_simplification_batch_014_proposal_before_selection_sync_20260928.csv","bcc6459c90008446450552bacad8976c80998d443f95c49a6cb09e5e90e0bc5c","9c2229d885d3c42c8a9da4760dc9d69ae99fea08f134ebdf33a021451dc2e457"
"queue","F-17","08","human_simplification_decision","","pending","ledgers/ponchi_simplification_batch_014_source_queue_20260928.csv","2b923d73f36485dfe598c7c1d8ea215f02c13ae2e94cdb6254587f4d05d97b7e","92320f62ad0b93d5ab03a5ca689311a2b8ca750c757422af8cc56f05fc6fcddf"
"queue","F-17","08","latest_prompt_generation_status","","not_authorized","ledgers/ponchi_simplification_batch_014_source_queue_20260928.csv","2b923d73f36485dfe598c7c1d8ea215f02c13ae2e94cdb6254587f4d05d97b7e","92320f62ad0b93d5ab03a5ca689311a2b8ca750c757422af8cc56f05fc6fcddf"
"queue","F-17","08","latest_triage_batch_id","","ponchi-simplification-rollout-014","ledgers/ponchi_simplification_batch_014_source_queue_20260928.csv","2b923d73f36485dfe598c7c1d8ea215f02c13ae2e94cdb6254587f4d05d97b7e","92320f62ad0b93d5ab03a5ca689311a2b8ca750c757422af8cc56f05fc6fcddf"
"queue","F-17","08","latest_triage_disposition","","proposed_triage_only","ledgers/ponchi_simplification_batch_014_source_queue_20260928.csv","2b923d73f36485dfe598c7c1d8ea215f02c13ae2e94cdb6254587f4d05d97b7e","92320f62ad0b93d5ab03a5ca689311a2b8ca750c757422af8cc56f05fc6fcddf"
"queue","F-17","08","next_action","Review current final at 200px; classify OK, minor edit, or simplify.","Run two-lane primary 200x100 complexity triage and independent cross-review; record semantic, style, brand, character, and ROI blockers. No image generation or adoption.","ledgers/ponchi_simplification_batch_014_source_queue_20260928.csv","2b923d73f36485dfe598c7c1d8ea215f02c13ae2e94cdb6254587f4d05d97b7e","92320f62ad0b93d5ab03a5ca689311a2b8ca750c757422af8cc56f05fc6fcddf"
"queue","F-17","08","notes","","2026-09-28 Batch014 selected after independent selection audit PASS /root/prompt_simplify_audit; slot 08; selection hash 536e93d54a2d25a289cd29520129917e4134e4edaebc701c88889b8ff38b9c2c; eligible pool hash 89de6a0ee9ba1cf794cf58e89131afff8dbc4e059abfa65aec4f51758560d0c8; source image SHA fbaa950740a709868fffa805709a2e7b94e06796f51a55e103302f0722b6c2a4; brief SHA 76956291db9d3e7485f06416124e682954f65fd879149a5528884de8a83ec990. Primary triage/cross-review pending; human decision pending; generation/adoption not authorized.","ledgers/ponchi_simplification_batch_014_source_queue_20260928.csv","2b923d73f36485dfe598c7c1d8ea215f02c13ae2e94cdb6254587f4d05d97b7e","92320f62ad0b93d5ab03a5ca689311a2b8ca750c757422af8cc56f05fc6fcddf"
"queue","F-17","08","rollout_status","needs_complexity_triage","batch014_selected_pending_primary_triage","ledgers/ponchi_simplification_batch_014_source_queue_20260928.csv","2b923d73f36485dfe598c7c1d8ea215f02c13ae2e94cdb6254587f4d05d97b7e","92320f62ad0b93d5ab03a5ca689311a2b8ca750c757422af8cc56f05fc6fcddf"
"proposal","F-17","08","next_action","Independent selection audit required before any central queue sync; then run primary triage in two lanes and cross-review.","Run two-lane primary 200x100 complexity triage and independent cross-review; record semantic, style, brand, character, and ROI blockers. No image generation or adoption.","ledgers/ponchi_simplification_batch_014_proposal_before_selection_sync_20260928.csv","bcc6459c90008446450552bacad8976c80998d443f95c49a6cb09e5e90e0bc5c","9c2229d885d3c42c8a9da4760dc9d69ae99fea08f134ebdf33a021451dc2e457"
"proposal","F-17","08","selection_status","proposed_triage_only","selected_pending_primary_triage","ledgers/ponchi_simplification_batch_014_proposal_before_selection_sync_20260928.csv","bcc6459c90008446450552bacad8976c80998d443f95c49a6cb09e5e90e0bc5c","9c2229d885d3c42c8a9da4760dc9d69ae99fea08f134ebdf33a021451dc2e457"
"proposal","F-17","08","triage_sync_status","not_synced_pending_independent_selection_audit","selection_audit_passed_queue_synced_triage_pending","ledgers/ponchi_simplification_batch_014_proposal_before_selection_sync_20260928.csv","bcc6459c90008446450552bacad8976c80998d443f95c49a6cb09e5e90e0bc5c","9c2229d885d3c42c8a9da4760dc9d69ae99fea08f134ebdf33a021451dc2e457"
"queue","F-153","09","human_simplification_decision","","pending","ledgers/ponchi_simplification_batch_014_source_queue_20260928.csv","2b923d73f36485dfe598c7c1d8ea215f02c13ae2e94cdb6254587f4d05d97b7e","92320f62ad0b93d5ab03a5ca689311a2b8ca750c757422af8cc56f05fc6fcddf"
"queue","F-153","09","latest_prompt_generation_status","","not_authorized","ledgers/ponchi_simplification_batch_014_source_queue_20260928.csv","2b923d73f36485dfe598c7c1d8ea215f02c13ae2e94cdb6254587f4d05d97b7e","92320f62ad0b93d5ab03a5ca689311a2b8ca750c757422af8cc56f05fc6fcddf"
"queue","F-153","09","latest_triage_batch_id","","ponchi-simplification-rollout-014","ledgers/ponchi_simplification_batch_014_source_queue_20260928.csv","2b923d73f36485dfe598c7c1d8ea215f02c13ae2e94cdb6254587f4d05d97b7e","92320f62ad0b93d5ab03a5ca689311a2b8ca750c757422af8cc56f05fc6fcddf"
"queue","F-153","09","latest_triage_disposition","","proposed_triage_only","ledgers/ponchi_simplification_batch_014_source_queue_20260928.csv","2b923d73f36485dfe598c7c1d8ea215f02c13ae2e94cdb6254587f4d05d97b7e","92320f62ad0b93d5ab03a5ca689311a2b8ca750c757422af8cc56f05fc6fcddf"
"queue","F-153","09","next_action","Review current final at 200px; classify OK, minor edit, or simplify.","Run two-lane primary 200x100 complexity triage and independent cross-review; record semantic, style, brand, character, and ROI blockers. No image generation or adoption.","ledgers/ponchi_simplification_batch_014_source_queue_20260928.csv","2b923d73f36485dfe598c7c1d8ea215f02c13ae2e94cdb6254587f4d05d97b7e","92320f62ad0b93d5ab03a5ca689311a2b8ca750c757422af8cc56f05fc6fcddf"
"queue","F-153","09","notes","","2026-09-28 Batch014 selected after independent selection audit PASS /root/prompt_simplify_audit; slot 09; selection hash 664990b362f80a8b4cd36dc5601bb354bec81194628197d2b7225f043c40dfb4; eligible pool hash 89de6a0ee9ba1cf794cf58e89131afff8dbc4e059abfa65aec4f51758560d0c8; source image SHA 22d7e3bc9778ff398f73669a909ebe7d510026b92260e42d33faf721c1f6cac5; brief SHA 171858e082a8af998ac1aa7528e200cda93c8e5a4afe15160887dc6596e1c16e. Primary triage/cross-review pending; human decision pending; generation/adoption not authorized.","ledgers/ponchi_simplification_batch_014_source_queue_20260928.csv","2b923d73f36485dfe598c7c1d8ea215f02c13ae2e94cdb6254587f4d05d97b7e","92320f62ad0b93d5ab03a5ca689311a2b8ca750c757422af8cc56f05fc6fcddf"
"queue","F-153","09","rollout_status","needs_complexity_triage","batch014_selected_pending_primary_triage","ledgers/ponchi_simplification_batch_014_source_queue_20260928.csv","2b923d73f36485dfe598c7c1d8ea215f02c13ae2e94cdb6254587f4d05d97b7e","92320f62ad0b93d5ab03a5ca689311a2b8ca750c757422af8cc56f05fc6fcddf"
"proposal","F-153","09","next_action","Independent selection audit required before any central queue sync; then run primary triage in two lanes and cross-review.","Run two-lane primary 200x100 complexity triage and independent cross-review; record semantic, style, brand, character, and ROI blockers. No image generation or adoption.","ledgers/ponchi_simplification_batch_014_proposal_before_selection_sync_20260928.csv","bcc6459c90008446450552bacad8976c80998d443f95c49a6cb09e5e90e0bc5c","9c2229d885d3c42c8a9da4760dc9d69ae99fea08f134ebdf33a021451dc2e457"
"proposal","F-153","09","selection_status","proposed_triage_only","selected_pending_primary_triage","ledgers/ponchi_simplification_batch_014_proposal_before_selection_sync_20260928.csv","bcc6459c90008446450552bacad8976c80998d443f95c49a6cb09e5e90e0bc5c","9c2229d885d3c42c8a9da4760dc9d69ae99fea08f134ebdf33a021451dc2e457"
"proposal","F-153","09","triage_sync_status","not_synced_pending_independent_selection_audit","selection_audit_passed_queue_synced_triage_pending","ledgers/ponchi_simplification_batch_014_proposal_before_selection_sync_20260928.csv","bcc6459c90008446450552bacad8976c80998d443f95c49a6cb09e5e90e0bc5c","9c2229d885d3c42c8a9da4760dc9d69ae99fea08f134ebdf33a021451dc2e457"
"queue","F-122","10","human_simplification_decision","","pending","ledgers/ponchi_simplification_batch_014_source_queue_20260928.csv","2b923d73f36485dfe598c7c1d8ea215f02c13ae2e94cdb6254587f4d05d97b7e","92320f62ad0b93d5ab03a5ca689311a2b8ca750c757422af8cc56f05fc6fcddf"
"queue","F-122","10","latest_prompt_generation_status","","not_authorized","ledgers/ponchi_simplification_batch_014_source_queue_20260928.csv","2b923d73f36485dfe598c7c1d8ea215f02c13ae2e94cdb6254587f4d05d97b7e","92320f62ad0b93d5ab03a5ca689311a2b8ca750c757422af8cc56f05fc6fcddf"
"queue","F-122","10","latest_triage_batch_id","","ponchi-simplification-rollout-014","ledgers/ponchi_simplification_batch_014_source_queue_20260928.csv","2b923d73f36485dfe598c7c1d8ea215f02c13ae2e94cdb6254587f4d05d97b7e","92320f62ad0b93d5ab03a5ca689311a2b8ca750c757422af8cc56f05fc6fcddf"
"queue","F-122","10","latest_triage_disposition","","proposed_triage_only","ledgers/ponchi_simplification_batch_014_source_queue_20260928.csv","2b923d73f36485dfe598c7c1d8ea215f02c13ae2e94cdb6254587f4d05d97b7e","92320f62ad0b93d5ab03a5ca689311a2b8ca750c757422af8cc56f05fc6fcddf"
"queue","F-122","10","next_action","Review current final at 200px; classify OK, minor edit, or simplify.","Run two-lane primary 200x100 complexity triage and independent cross-review; record semantic, style, brand, character, and ROI blockers. No image generation or adoption.","ledgers/ponchi_simplification_batch_014_source_queue_20260928.csv","2b923d73f36485dfe598c7c1d8ea215f02c13ae2e94cdb6254587f4d05d97b7e","92320f62ad0b93d5ab03a5ca689311a2b8ca750c757422af8cc56f05fc6fcddf"
"queue","F-122","10","notes","","2026-09-28 Batch014 selected after independent selection audit PASS /root/prompt_simplify_audit; slot 10; selection hash 8c96e8112d9fd22294d42362ed2480f693f82ebc29a6ecf1a819de2b03b98ae7; eligible pool hash 89de6a0ee9ba1cf794cf58e89131afff8dbc4e059abfa65aec4f51758560d0c8; source image SHA f6314883ac3ae19818b3b58c26d081f45b3f3acf839c8551da829148aee586bf; brief SHA bf7341e875c155c3308f31d81b700a17ae83d9a380b87c178b1319f2ebceee18. Primary triage/cross-review pending; human decision pending; generation/adoption not authorized.","ledgers/ponchi_simplification_batch_014_source_queue_20260928.csv","2b923d73f36485dfe598c7c1d8ea215f02c13ae2e94cdb6254587f4d05d97b7e","92320f62ad0b93d5ab03a5ca689311a2b8ca750c757422af8cc56f05fc6fcddf"
"queue","F-122","10","rollout_status","needs_complexity_triage","batch014_selected_pending_primary_triage","ledgers/ponchi_simplification_batch_014_source_queue_20260928.csv","2b923d73f36485dfe598c7c1d8ea215f02c13ae2e94cdb6254587f4d05d97b7e","92320f62ad0b93d5ab03a5ca689311a2b8ca750c757422af8cc56f05fc6fcddf"
"proposal","F-122","10","next_action","Independent selection audit required before any central queue sync; then run primary triage in two lanes and cross-review.","Run two-lane primary 200x100 complexity triage and independent cross-review; record semantic, style, brand, character, and ROI blockers. No image generation or adoption.","ledgers/ponchi_simplification_batch_014_proposal_before_selection_sync_20260928.csv","bcc6459c90008446450552bacad8976c80998d443f95c49a6cb09e5e90e0bc5c","9c2229d885d3c42c8a9da4760dc9d69ae99fea08f134ebdf33a021451dc2e457"
"proposal","F-122","10","selection_status","proposed_triage_only","selected_pending_primary_triage","ledgers/ponchi_simplification_batch_014_proposal_before_selection_sync_20260928.csv","bcc6459c90008446450552bacad8976c80998d443f95c49a6cb09e5e90e0bc5c","9c2229d885d3c42c8a9da4760dc9d69ae99fea08f134ebdf33a021451dc2e457"
"proposal","F-122","10","triage_sync_status","not_synced_pending_independent_selection_audit","selection_audit_passed_queue_synced_triage_pending","ledgers/ponchi_simplification_batch_014_proposal_before_selection_sync_20260928.csv","bcc6459c90008446450552bacad8976c80998d443f95c49a6cb09e5e90e0bc5c","9c2229d885d3c42c8a9da4760dc9d69ae99fea08f134ebdf33a021451dc2e457"
"queue","F-61","11","human_simplification_decision","","pending","ledgers/ponchi_simplification_batch_014_source_queue_20260928.csv","2b923d73f36485dfe598c7c1d8ea215f02c13ae2e94cdb6254587f4d05d97b7e","92320f62ad0b93d5ab03a5ca689311a2b8ca750c757422af8cc56f05fc6fcddf"
"queue","F-61","11","latest_prompt_generation_status","","not_authorized","ledgers/ponchi_simplification_batch_014_source_queue_20260928.csv","2b923d73f36485dfe598c7c1d8ea215f02c13ae2e94cdb6254587f4d05d97b7e","92320f62ad0b93d5ab03a5ca689311a2b8ca750c757422af8cc56f05fc6fcddf"
"queue","F-61","11","latest_triage_batch_id","","ponchi-simplification-rollout-014","ledgers/ponchi_simplification_batch_014_source_queue_20260928.csv","2b923d73f36485dfe598c7c1d8ea215f02c13ae2e94cdb6254587f4d05d97b7e","92320f62ad0b93d5ab03a5ca689311a2b8ca750c757422af8cc56f05fc6fcddf"
"queue","F-61","11","latest_triage_disposition","","proposed_triage_only","ledgers/ponchi_simplification_batch_014_source_queue_20260928.csv","2b923d73f36485dfe598c7c1d8ea215f02c13ae2e94cdb6254587f4d05d97b7e","92320f62ad0b93d5ab03a5ca689311a2b8ca750c757422af8cc56f05fc6fcddf"
"queue","F-61","11","next_action","Review current final at 200px; classify OK, minor edit, or simplify.","Run two-lane primary 200x100 complexity triage and independent cross-review; record semantic, style, brand, character, and ROI blockers. No image generation or adoption.","ledgers/ponchi_simplification_batch_014_source_queue_20260928.csv","2b923d73f36485dfe598c7c1d8ea215f02c13ae2e94cdb6254587f4d05d97b7e","92320f62ad0b93d5ab03a5ca689311a2b8ca750c757422af8cc56f05fc6fcddf"
"queue","F-61","11","notes","","2026-09-28 Batch014 selected after independent selection audit PASS /root/prompt_simplify_audit; slot 11; selection hash a6ec431b657a56b4c0c98b35ca9dec430091c0984a9f1b928f86eae574d1487a; eligible pool hash 89de6a0ee9ba1cf794cf58e89131afff8dbc4e059abfa65aec4f51758560d0c8; source image SHA 1082796a5ca9f183eff2b21a4c6e25d397615a50a85f0e42c33b930261b0189d; brief SHA f4ec60159611cdd3e3e796203b98e0b4fec7637bcdfa955ac84223c65f8084d0. Primary triage/cross-review pending; human decision pending; generation/adoption not authorized.","ledgers/ponchi_simplification_batch_014_source_queue_20260928.csv","2b923d73f36485dfe598c7c1d8ea215f02c13ae2e94cdb6254587f4d05d97b7e","92320f62ad0b93d5ab03a5ca689311a2b8ca750c757422af8cc56f05fc6fcddf"
"queue","F-61","11","rollout_status","needs_complexity_triage","batch014_selected_pending_primary_triage","ledgers/ponchi_simplification_batch_014_source_queue_20260928.csv","2b923d73f36485dfe598c7c1d8ea215f02c13ae2e94cdb6254587f4d05d97b7e","92320f62ad0b93d5ab03a5ca689311a2b8ca750c757422af8cc56f05fc6fcddf"
"proposal","F-61","11","next_action","Independent selection audit required before any central queue sync; then run primary triage in two lanes and cross-review.","Run two-lane primary 200x100 complexity triage and independent cross-review; record semantic, style, brand, character, and ROI blockers. No image generation or adoption.","ledgers/ponchi_simplification_batch_014_proposal_before_selection_sync_20260928.csv","bcc6459c90008446450552bacad8976c80998d443f95c49a6cb09e5e90e0bc5c","9c2229d885d3c42c8a9da4760dc9d69ae99fea08f134ebdf33a021451dc2e457"
"proposal","F-61","11","selection_status","proposed_triage_only","selected_pending_primary_triage","ledgers/ponchi_simplification_batch_014_proposal_before_selection_sync_20260928.csv","bcc6459c90008446450552bacad8976c80998d443f95c49a6cb09e5e90e0bc5c","9c2229d885d3c42c8a9da4760dc9d69ae99fea08f134ebdf33a021451dc2e457"
"proposal","F-61","11","triage_sync_status","not_synced_pending_independent_selection_audit","selection_audit_passed_queue_synced_triage_pending","ledgers/ponchi_simplification_batch_014_proposal_before_selection_sync_20260928.csv","bcc6459c90008446450552bacad8976c80998d443f95c49a6cb09e5e90e0bc5c","9c2229d885d3c42c8a9da4760dc9d69ae99fea08f134ebdf33a021451dc2e457"
"queue","F-10","12","human_simplification_decision","","pending","ledgers/ponchi_simplification_batch_014_source_queue_20260928.csv","2b923d73f36485dfe598c7c1d8ea215f02c13ae2e94cdb6254587f4d05d97b7e","92320f62ad0b93d5ab03a5ca689311a2b8ca750c757422af8cc56f05fc6fcddf"
"queue","F-10","12","latest_prompt_generation_status","","not_authorized","ledgers/ponchi_simplification_batch_014_source_queue_20260928.csv","2b923d73f36485dfe598c7c1d8ea215f02c13ae2e94cdb6254587f4d05d97b7e","92320f62ad0b93d5ab03a5ca689311a2b8ca750c757422af8cc56f05fc6fcddf"
"queue","F-10","12","latest_triage_batch_id","","ponchi-simplification-rollout-014","ledgers/ponchi_simplification_batch_014_source_queue_20260928.csv","2b923d73f36485dfe598c7c1d8ea215f02c13ae2e94cdb6254587f4d05d97b7e","92320f62ad0b93d5ab03a5ca689311a2b8ca750c757422af8cc56f05fc6fcddf"
"queue","F-10","12","latest_triage_disposition","","proposed_triage_only","ledgers/ponchi_simplification_batch_014_source_queue_20260928.csv","2b923d73f36485dfe598c7c1d8ea215f02c13ae2e94cdb6254587f4d05d97b7e","92320f62ad0b93d5ab03a5ca689311a2b8ca750c757422af8cc56f05fc6fcddf"
"queue","F-10","12","next_action","Review current final at 200px; classify OK, minor edit, or simplify.","Run two-lane primary 200x100 complexity triage and independent cross-review; record semantic, style, brand, character, and ROI blockers. No image generation or adoption.","ledgers/ponchi_simplification_batch_014_source_queue_20260928.csv","2b923d73f36485dfe598c7c1d8ea215f02c13ae2e94cdb6254587f4d05d97b7e","92320f62ad0b93d5ab03a5ca689311a2b8ca750c757422af8cc56f05fc6fcddf"
"queue","F-10","12","notes","","2026-09-28 Batch014 selected after independent selection audit PASS /root/prompt_simplify_audit; slot 12; selection hash f650f54a9c91d32c2dabf5cec0ea6fd54cf520632895cb6814cefcb85d862878; eligible pool hash 89de6a0ee9ba1cf794cf58e89131afff8dbc4e059abfa65aec4f51758560d0c8; source image SHA 294e924b2562d475f8415635f4048ef411cec677a0ba4089ee1b2ae037a8ffe6; brief SHA db5c9769e17155ded3fce778ef5535572fe2d59366b12d1e938cd96f733c3a6b. Primary triage/cross-review pending; human decision pending; generation/adoption not authorized.","ledgers/ponchi_simplification_batch_014_source_queue_20260928.csv","2b923d73f36485dfe598c7c1d8ea215f02c13ae2e94cdb6254587f4d05d97b7e","92320f62ad0b93d5ab03a5ca689311a2b8ca750c757422af8cc56f05fc6fcddf"
"queue","F-10","12","rollout_status","needs_complexity_triage","batch014_selected_pending_primary_triage","ledgers/ponchi_simplification_batch_014_source_queue_20260928.csv","2b923d73f36485dfe598c7c1d8ea215f02c13ae2e94cdb6254587f4d05d97b7e","92320f62ad0b93d5ab03a5ca689311a2b8ca750c757422af8cc56f05fc6fcddf"
"proposal","F-10","12","next_action","Independent selection audit required before any central queue sync; then run primary triage in two lanes and cross-review.","Run two-lane primary 200x100 complexity triage and independent cross-review; record semantic, style, brand, character, and ROI blockers. No image generation or adoption.","ledgers/ponchi_simplification_batch_014_proposal_before_selection_sync_20260928.csv","bcc6459c90008446450552bacad8976c80998d443f95c49a6cb09e5e90e0bc5c","9c2229d885d3c42c8a9da4760dc9d69ae99fea08f134ebdf33a021451dc2e457"
"proposal","F-10","12","selection_status","proposed_triage_only","selected_pending_primary_triage","ledgers/ponchi_simplification_batch_014_proposal_before_selection_sync_20260928.csv","bcc6459c90008446450552bacad8976c80998d443f95c49a6cb09e5e90e0bc5c","9c2229d885d3c42c8a9da4760dc9d69ae99fea08f134ebdf33a021451dc2e457"
"proposal","F-10","12","triage_sync_status","not_synced_pending_independent_selection_audit","selection_audit_passed_queue_synced_triage_pending","ledgers/ponchi_simplification_batch_014_proposal_before_selection_sync_20260928.csv","bcc6459c90008446450552bacad8976c80998d443f95c49a6cb09e5e90e0bc5c","9c2229d885d3c42c8a9da4760dc9d69ae99fea08f134ebdf33a021451dc2e457"
"queue","G-45","13","human_simplification_decision","","pending","ledgers/ponchi_simplification_batch_014_source_queue_20260928.csv","2b923d73f36485dfe598c7c1d8ea215f02c13ae2e94cdb6254587f4d05d97b7e","92320f62ad0b93d5ab03a5ca689311a2b8ca750c757422af8cc56f05fc6fcddf"
"queue","G-45","13","latest_prompt_generation_status","","not_authorized","ledgers/ponchi_simplification_batch_014_source_queue_20260928.csv","2b923d73f36485dfe598c7c1d8ea215f02c13ae2e94cdb6254587f4d05d97b7e","92320f62ad0b93d5ab03a5ca689311a2b8ca750c757422af8cc56f05fc6fcddf"
"queue","G-45","13","latest_triage_batch_id","","ponchi-simplification-rollout-014","ledgers/ponchi_simplification_batch_014_source_queue_20260928.csv","2b923d73f36485dfe598c7c1d8ea215f02c13ae2e94cdb6254587f4d05d97b7e","92320f62ad0b93d5ab03a5ca689311a2b8ca750c757422af8cc56f05fc6fcddf"
"queue","G-45","13","latest_triage_disposition","","proposed_triage_only","ledgers/ponchi_simplification_batch_014_source_queue_20260928.csv","2b923d73f36485dfe598c7c1d8ea215f02c13ae2e94cdb6254587f4d05d97b7e","92320f62ad0b93d5ab03a5ca689311a2b8ca750c757422af8cc56f05fc6fcddf"
"queue","G-45","13","next_action","Review current final at 200px; classify OK, minor edit, or simplify.","Run two-lane primary 200x100 complexity triage and independent cross-review; record semantic, style, brand, character, and ROI blockers. No image generation or adoption.","ledgers/ponchi_simplification_batch_014_source_queue_20260928.csv","2b923d73f36485dfe598c7c1d8ea215f02c13ae2e94cdb6254587f4d05d97b7e","92320f62ad0b93d5ab03a5ca689311a2b8ca750c757422af8cc56f05fc6fcddf"
"queue","G-45","13","notes","","2026-09-28 Batch014 selected after independent selection audit PASS /root/prompt_simplify_audit; slot 13; selection hash d3a2444211110d5ec1fd4731f90cd3e300bcd1221ed2f597b492e7515a5ae949; eligible pool hash 89de6a0ee9ba1cf794cf58e89131afff8dbc4e059abfa65aec4f51758560d0c8; source image SHA e12755a53764ad16e855e61a21ba531b5153f01c4a1bdb94ecf63d712e5f79ff; brief SHA 3a0745396495221a35034c511fbef5eeb2fa8d21bca89e9fe2e489ecb82cde6f. Primary triage/cross-review pending; human decision pending; generation/adoption not authorized.","ledgers/ponchi_simplification_batch_014_source_queue_20260928.csv","2b923d73f36485dfe598c7c1d8ea215f02c13ae2e94cdb6254587f4d05d97b7e","92320f62ad0b93d5ab03a5ca689311a2b8ca750c757422af8cc56f05fc6fcddf"
"queue","G-45","13","rollout_status","needs_complexity_triage","batch014_selected_pending_primary_triage","ledgers/ponchi_simplification_batch_014_source_queue_20260928.csv","2b923d73f36485dfe598c7c1d8ea215f02c13ae2e94cdb6254587f4d05d97b7e","92320f62ad0b93d5ab03a5ca689311a2b8ca750c757422af8cc56f05fc6fcddf"
"proposal","G-45","13","next_action","Independent selection audit required before any central queue sync; then run primary triage in two lanes and cross-review.","Run two-lane primary 200x100 complexity triage and independent cross-review; record semantic, style, brand, character, and ROI blockers. No image generation or adoption.","ledgers/ponchi_simplification_batch_014_proposal_before_selection_sync_20260928.csv","bcc6459c90008446450552bacad8976c80998d443f95c49a6cb09e5e90e0bc5c","9c2229d885d3c42c8a9da4760dc9d69ae99fea08f134ebdf33a021451dc2e457"
"proposal","G-45","13","selection_status","proposed_triage_only","selected_pending_primary_triage","ledgers/ponchi_simplification_batch_014_proposal_before_selection_sync_20260928.csv","bcc6459c90008446450552bacad8976c80998d443f95c49a6cb09e5e90e0bc5c","9c2229d885d3c42c8a9da4760dc9d69ae99fea08f134ebdf33a021451dc2e457"
"proposal","G-45","13","triage_sync_status","not_synced_pending_independent_selection_audit","selection_audit_passed_queue_synced_triage_pending","ledgers/ponchi_simplification_batch_014_proposal_before_selection_sync_20260928.csv","bcc6459c90008446450552bacad8976c80998d443f95c49a6cb09e5e90e0bc5c","9c2229d885d3c42c8a9da4760dc9d69ae99fea08f134ebdf33a021451dc2e457"
"queue","H-54","14","human_simplification_decision","","pending","ledgers/ponchi_simplification_batch_014_source_queue_20260928.csv","2b923d73f36485dfe598c7c1d8ea215f02c13ae2e94cdb6254587f4d05d97b7e","92320f62ad0b93d5ab03a5ca689311a2b8ca750c757422af8cc56f05fc6fcddf"
"queue","H-54","14","latest_prompt_generation_status","","not_authorized","ledgers/ponchi_simplification_batch_014_source_queue_20260928.csv","2b923d73f36485dfe598c7c1d8ea215f02c13ae2e94cdb6254587f4d05d97b7e","92320f62ad0b93d5ab03a5ca689311a2b8ca750c757422af8cc56f05fc6fcddf"
"queue","H-54","14","latest_triage_batch_id","","ponchi-simplification-rollout-014","ledgers/ponchi_simplification_batch_014_source_queue_20260928.csv","2b923d73f36485dfe598c7c1d8ea215f02c13ae2e94cdb6254587f4d05d97b7e","92320f62ad0b93d5ab03a5ca689311a2b8ca750c757422af8cc56f05fc6fcddf"
"queue","H-54","14","latest_triage_disposition","","proposed_triage_only","ledgers/ponchi_simplification_batch_014_source_queue_20260928.csv","2b923d73f36485dfe598c7c1d8ea215f02c13ae2e94cdb6254587f4d05d97b7e","92320f62ad0b93d5ab03a5ca689311a2b8ca750c757422af8cc56f05fc6fcddf"
"queue","H-54","14","next_action","Review current final at 200px; classify OK, minor edit, or simplify.","Run two-lane primary 200x100 complexity triage and independent cross-review; record semantic, style, brand, character, and ROI blockers. No image generation or adoption.","ledgers/ponchi_simplification_batch_014_source_queue_20260928.csv","2b923d73f36485dfe598c7c1d8ea215f02c13ae2e94cdb6254587f4d05d97b7e","92320f62ad0b93d5ab03a5ca689311a2b8ca750c757422af8cc56f05fc6fcddf"
"queue","H-54","14","notes","","2026-09-28 Batch014 selected after independent selection audit PASS /root/prompt_simplify_audit; slot 14; selection hash 3f1e9abe72cfe2fa9677715877ac8fcba26eaa7d630d6e0153ee00799c51f9ed; eligible pool hash 89de6a0ee9ba1cf794cf58e89131afff8dbc4e059abfa65aec4f51758560d0c8; source image SHA 937b4ac3aaf012ac0b0363089e0fdfbdb8fea23ce6b40fb30b7ea1044dcaf953; brief SHA 7ae1b5b399bde7bdf54fc98debd9a9bd0379f7f2efccf813c6294ed1d8f2a27c. Primary triage/cross-review pending; human decision pending; generation/adoption not authorized.","ledgers/ponchi_simplification_batch_014_source_queue_20260928.csv","2b923d73f36485dfe598c7c1d8ea215f02c13ae2e94cdb6254587f4d05d97b7e","92320f62ad0b93d5ab03a5ca689311a2b8ca750c757422af8cc56f05fc6fcddf"
"queue","H-54","14","rollout_status","needs_complexity_triage","batch014_selected_pending_primary_triage","ledgers/ponchi_simplification_batch_014_source_queue_20260928.csv","2b923d73f36485dfe598c7c1d8ea215f02c13ae2e94cdb6254587f4d05d97b7e","92320f62ad0b93d5ab03a5ca689311a2b8ca750c757422af8cc56f05fc6fcddf"
"proposal","H-54","14","next_action","Independent selection audit required before any central queue sync; then run primary triage in two lanes and cross-review.","Run two-lane primary 200x100 complexity triage and independent cross-review; record semantic, style, brand, character, and ROI blockers. No image generation or adoption.","ledgers/ponchi_simplification_batch_014_proposal_before_selection_sync_20260928.csv","bcc6459c90008446450552bacad8976c80998d443f95c49a6cb09e5e90e0bc5c","9c2229d885d3c42c8a9da4760dc9d69ae99fea08f134ebdf33a021451dc2e457"
"proposal","H-54","14","selection_status","proposed_triage_only","selected_pending_primary_triage","ledgers/ponchi_simplification_batch_014_proposal_before_selection_sync_20260928.csv","bcc6459c90008446450552bacad8976c80998d443f95c49a6cb09e5e90e0bc5c","9c2229d885d3c42c8a9da4760dc9d69ae99fea08f134ebdf33a021451dc2e457"
"proposal","H-54","14","triage_sync_status","not_synced_pending_independent_selection_audit","selection_audit_passed_queue_synced_triage_pending","ledgers/ponchi_simplification_batch_014_proposal_before_selection_sync_20260928.csv","bcc6459c90008446450552bacad8976c80998d443f95c49a6cb09e5e90e0bc5c","9c2229d885d3c42c8a9da4760dc9d69ae99fea08f134ebdf33a021451dc2e457"
"queue","I-30","15","human_simplification_decision","","pending","ledgers/ponchi_simplification_batch_014_source_queue_20260928.csv","2b923d73f36485dfe598c7c1d8ea215f02c13ae2e94cdb6254587f4d05d97b7e","92320f62ad0b93d5ab03a5ca689311a2b8ca750c757422af8cc56f05fc6fcddf"
"queue","I-30","15","latest_prompt_generation_status","","not_authorized","ledgers/ponchi_simplification_batch_014_source_queue_20260928.csv","2b923d73f36485dfe598c7c1d8ea215f02c13ae2e94cdb6254587f4d05d97b7e","92320f62ad0b93d5ab03a5ca689311a2b8ca750c757422af8cc56f05fc6fcddf"
"queue","I-30","15","latest_triage_batch_id","","ponchi-simplification-rollout-014","ledgers/ponchi_simplification_batch_014_source_queue_20260928.csv","2b923d73f36485dfe598c7c1d8ea215f02c13ae2e94cdb6254587f4d05d97b7e","92320f62ad0b93d5ab03a5ca689311a2b8ca750c757422af8cc56f05fc6fcddf"
"queue","I-30","15","latest_triage_disposition","","proposed_triage_only","ledgers/ponchi_simplification_batch_014_source_queue_20260928.csv","2b923d73f36485dfe598c7c1d8ea215f02c13ae2e94cdb6254587f4d05d97b7e","92320f62ad0b93d5ab03a5ca689311a2b8ca750c757422af8cc56f05fc6fcddf"
"queue","I-30","15","next_action","Historical lightweight candidate was promoted; review the current final and treat earlier audit/replacement fields as context only.","Run two-lane primary 200x100 complexity triage and independent cross-review; record semantic, style, brand, character, and ROI blockers. No image generation or adoption.","ledgers/ponchi_simplification_batch_014_source_queue_20260928.csv","2b923d73f36485dfe598c7c1d8ea215f02c13ae2e94cdb6254587f4d05d97b7e","92320f62ad0b93d5ab03a5ca689311a2b8ca750c757422af8cc56f05fc6fcddf"
"queue","I-30","15","notes","Historical candidate fields are leads only; verify against current source hash.","Historical candidate fields are leads only; verify against current source hash. | 2026-09-28 Batch014 selected after independent selection audit PASS /root/prompt_simplify_audit; slot 15; selection hash 0c394d30a6ec254d72f27aa6587bb95c5cf087ed01361c20bdfe9e29fac8aa2b; eligible pool hash 89de6a0ee9ba1cf794cf58e89131afff8dbc4e059abfa65aec4f51758560d0c8; source image SHA dd53ae773c633502766b8bb3cc3470be2ff039c052c0b3cc94ec92e318c00034; brief SHA 6a1f91c964f40c926d339830a02439a9e34163ed62114229d6e7b580589e1f5f. Primary triage/cross-review pending; human decision pending; generation/adoption not authorized.","ledgers/ponchi_simplification_batch_014_source_queue_20260928.csv","2b923d73f36485dfe598c7c1d8ea215f02c13ae2e94cdb6254587f4d05d97b7e","92320f62ad0b93d5ab03a5ca689311a2b8ca750c757422af8cc56f05fc6fcddf"
"queue","I-30","15","rollout_status","historical_promotion_current_asset_needs_triage","batch014_selected_pending_primary_triage","ledgers/ponchi_simplification_batch_014_source_queue_20260928.csv","2b923d73f36485dfe598c7c1d8ea215f02c13ae2e94cdb6254587f4d05d97b7e","92320f62ad0b93d5ab03a5ca689311a2b8ca750c757422af8cc56f05fc6fcddf"
"proposal","I-30","15","next_action","Independent selection audit required before any central queue sync; then run primary triage in two lanes and cross-review.","Run two-lane primary 200x100 complexity triage and independent cross-review; record semantic, style, brand, character, and ROI blockers. No image generation or adoption.","ledgers/ponchi_simplification_batch_014_proposal_before_selection_sync_20260928.csv","bcc6459c90008446450552bacad8976c80998d443f95c49a6cb09e5e90e0bc5c","9c2229d885d3c42c8a9da4760dc9d69ae99fea08f134ebdf33a021451dc2e457"
"proposal","I-30","15","selection_status","proposed_triage_only","selected_pending_primary_triage","ledgers/ponchi_simplification_batch_014_proposal_before_selection_sync_20260928.csv","bcc6459c90008446450552bacad8976c80998d443f95c49a6cb09e5e90e0bc5c","9c2229d885d3c42c8a9da4760dc9d69ae99fea08f134ebdf33a021451dc2e457"
"proposal","I-30","15","triage_sync_status","not_synced_pending_independent_selection_audit","selection_audit_passed_queue_synced_triage_pending","ledgers/ponchi_simplification_batch_014_proposal_before_selection_sync_20260928.csv","bcc6459c90008446450552bacad8976c80998d443f95c49a6cb09e5e90e0bc5c","9c2229d885d3c42c8a9da4760dc9d69ae99fea08f134ebdf33a021451dc2e457"
"queue","I-20","16","human_simplification_decision","","pending","ledgers/ponchi_simplification_batch_014_source_queue_20260928.csv","2b923d73f36485dfe598c7c1d8ea215f02c13ae2e94cdb6254587f4d05d97b7e","92320f62ad0b93d5ab03a5ca689311a2b8ca750c757422af8cc56f05fc6fcddf"
"queue","I-20","16","latest_prompt_generation_status","","not_authorized","ledgers/ponchi_simplification_batch_014_source_queue_20260928.csv","2b923d73f36485dfe598c7c1d8ea215f02c13ae2e94cdb6254587f4d05d97b7e","92320f62ad0b93d5ab03a5ca689311a2b8ca750c757422af8cc56f05fc6fcddf"
"queue","I-20","16","latest_triage_batch_id","","ponchi-simplification-rollout-014","ledgers/ponchi_simplification_batch_014_source_queue_20260928.csv","2b923d73f36485dfe598c7c1d8ea215f02c13ae2e94cdb6254587f4d05d97b7e","92320f62ad0b93d5ab03a5ca689311a2b8ca750c757422af8cc56f05fc6fcddf"
"queue","I-20","16","latest_triage_disposition","","proposed_triage_only","ledgers/ponchi_simplification_batch_014_source_queue_20260928.csv","2b923d73f36485dfe598c7c1d8ea215f02c13ae2e94cdb6254587f4d05d97b7e","92320f62ad0b93d5ab03a5ca689311a2b8ca750c757422af8cc56f05fc6fcddf"
"queue","I-20","16","next_action","Historical lightweight candidate was promoted; review the current final and treat earlier audit/replacement fields as context only.","Run two-lane primary 200x100 complexity triage and independent cross-review; record semantic, style, brand, character, and ROI blockers. No image generation or adoption.","ledgers/ponchi_simplification_batch_014_source_queue_20260928.csv","2b923d73f36485dfe598c7c1d8ea215f02c13ae2e94cdb6254587f4d05d97b7e","92320f62ad0b93d5ab03a5ca689311a2b8ca750c757422af8cc56f05fc6fcddf"
"queue","I-20","16","notes","Historical candidate fields are leads only; verify against current source hash.","Historical candidate fields are leads only; verify against current source hash. | 2026-09-28 Batch014 selected after independent selection audit PASS /root/prompt_simplify_audit; slot 16; selection hash 9a3c3b0aa370d95f26dc291d5234d62de140f14b1c740055e8153dcfb8b1cfd8; eligible pool hash 89de6a0ee9ba1cf794cf58e89131afff8dbc4e059abfa65aec4f51758560d0c8; source image SHA 9d77f90be4331a4ff4207d1ea084c5847eea3a974a75bef491bc3539c8f24191; brief SHA 53be1bb6f85961502d70350b281f3821524e242277d170e9b33f398b154fd46c. Primary triage/cross-review pending; human decision pending; generation/adoption not authorized.","ledgers/ponchi_simplification_batch_014_source_queue_20260928.csv","2b923d73f36485dfe598c7c1d8ea215f02c13ae2e94cdb6254587f4d05d97b7e","92320f62ad0b93d5ab03a5ca689311a2b8ca750c757422af8cc56f05fc6fcddf"
"queue","I-20","16","rollout_status","historical_promotion_current_asset_needs_triage","batch014_selected_pending_primary_triage","ledgers/ponchi_simplification_batch_014_source_queue_20260928.csv","2b923d73f36485dfe598c7c1d8ea215f02c13ae2e94cdb6254587f4d05d97b7e","92320f62ad0b93d5ab03a5ca689311a2b8ca750c757422af8cc56f05fc6fcddf"
"proposal","I-20","16","next_action","Independent selection audit required before any central queue sync; then run primary triage in two lanes and cross-review.","Run two-lane primary 200x100 complexity triage and independent cross-review; record semantic, style, brand, character, and ROI blockers. No image generation or adoption.","ledgers/ponchi_simplification_batch_014_proposal_before_selection_sync_20260928.csv","bcc6459c90008446450552bacad8976c80998d443f95c49a6cb09e5e90e0bc5c","9c2229d885d3c42c8a9da4760dc9d69ae99fea08f134ebdf33a021451dc2e457"
"proposal","I-20","16","selection_status","proposed_triage_only","selected_pending_primary_triage","ledgers/ponchi_simplification_batch_014_proposal_before_selection_sync_20260928.csv","bcc6459c90008446450552bacad8976c80998d443f95c49a6cb09e5e90e0bc5c","9c2229d885d3c42c8a9da4760dc9d69ae99fea08f134ebdf33a021451dc2e457"
"proposal","I-20","16","triage_sync_status","not_synced_pending_independent_selection_audit","selection_audit_passed_queue_synced_triage_pending","ledgers/ponchi_simplification_batch_014_proposal_before_selection_sync_20260928.csv","bcc6459c90008446450552bacad8976c80998d443f95c49a6cb09e5e90e0bc5c","9c2229d885d3c42c8a9da4760dc9d69ae99fea08f134ebdf33a021451dc2e457"
"queue","J-40","17","human_simplification_decision","","pending","ledgers/ponchi_simplification_batch_014_source_queue_20260928.csv","2b923d73f36485dfe598c7c1d8ea215f02c13ae2e94cdb6254587f4d05d97b7e","92320f62ad0b93d5ab03a5ca689311a2b8ca750c757422af8cc56f05fc6fcddf"
"queue","J-40","17","latest_prompt_generation_status","","not_authorized","ledgers/ponchi_simplification_batch_014_source_queue_20260928.csv","2b923d73f36485dfe598c7c1d8ea215f02c13ae2e94cdb6254587f4d05d97b7e","92320f62ad0b93d5ab03a5ca689311a2b8ca750c757422af8cc56f05fc6fcddf"
"queue","J-40","17","latest_triage_batch_id","","ponchi-simplification-rollout-014","ledgers/ponchi_simplification_batch_014_source_queue_20260928.csv","2b923d73f36485dfe598c7c1d8ea215f02c13ae2e94cdb6254587f4d05d97b7e","92320f62ad0b93d5ab03a5ca689311a2b8ca750c757422af8cc56f05fc6fcddf"
"queue","J-40","17","latest_triage_disposition","","proposed_triage_only","ledgers/ponchi_simplification_batch_014_source_queue_20260928.csv","2b923d73f36485dfe598c7c1d8ea215f02c13ae2e94cdb6254587f4d05d97b7e","92320f62ad0b93d5ab03a5ca689311a2b8ca750c757422af8cc56f05fc6fcddf"
"queue","J-40","17","next_action","Historical lightweight candidate was promoted; review the current final and treat earlier audit/replacement fields as context only.","Run two-lane primary 200x100 complexity triage and independent cross-review; record semantic, style, brand, character, and ROI blockers. No image generation or adoption.","ledgers/ponchi_simplification_batch_014_source_queue_20260928.csv","2b923d73f36485dfe598c7c1d8ea215f02c13ae2e94cdb6254587f4d05d97b7e","92320f62ad0b93d5ab03a5ca689311a2b8ca750c757422af8cc56f05fc6fcddf"
"queue","J-40","17","notes","Historical candidate fields are leads only; verify against current source hash.","Historical candidate fields are leads only; verify against current source hash. | 2026-09-28 Batch014 selected after independent selection audit PASS /root/prompt_simplify_audit; slot 17; selection hash a7fd3898336a7e2b0a87a2d3b8dfd05f65109a89fdc9666f646c3bb3190439e7; eligible pool hash 89de6a0ee9ba1cf794cf58e89131afff8dbc4e059abfa65aec4f51758560d0c8; source image SHA 0c65889bb67ca579b37a9ec6327c5f2e7d645a616a6cfe81389a344315018f2e; brief SHA be5dd4acdfff2676ff2c77ebf08f5597255db668b7c36df8691ed0bcc47bb936. Primary triage/cross-review pending; human decision pending; generation/adoption not authorized.","ledgers/ponchi_simplification_batch_014_source_queue_20260928.csv","2b923d73f36485dfe598c7c1d8ea215f02c13ae2e94cdb6254587f4d05d97b7e","92320f62ad0b93d5ab03a5ca689311a2b8ca750c757422af8cc56f05fc6fcddf"
"queue","J-40","17","rollout_status","historical_promotion_current_asset_needs_triage","batch014_selected_pending_primary_triage","ledgers/ponchi_simplification_batch_014_source_queue_20260928.csv","2b923d73f36485dfe598c7c1d8ea215f02c13ae2e94cdb6254587f4d05d97b7e","92320f62ad0b93d5ab03a5ca689311a2b8ca750c757422af8cc56f05fc6fcddf"
"proposal","J-40","17","next_action","Independent selection audit required before any central queue sync; then run primary triage in two lanes and cross-review.","Run two-lane primary 200x100 complexity triage and independent cross-review; record semantic, style, brand, character, and ROI blockers. No image generation or adoption.","ledgers/ponchi_simplification_batch_014_proposal_before_selection_sync_20260928.csv","bcc6459c90008446450552bacad8976c80998d443f95c49a6cb09e5e90e0bc5c","9c2229d885d3c42c8a9da4760dc9d69ae99fea08f134ebdf33a021451dc2e457"
"proposal","J-40","17","selection_status","proposed_triage_only","selected_pending_primary_triage","ledgers/ponchi_simplification_batch_014_proposal_before_selection_sync_20260928.csv","bcc6459c90008446450552bacad8976c80998d443f95c49a6cb09e5e90e0bc5c","9c2229d885d3c42c8a9da4760dc9d69ae99fea08f134ebdf33a021451dc2e457"
"proposal","J-40","17","triage_sync_status","not_synced_pending_independent_selection_audit","selection_audit_passed_queue_synced_triage_pending","ledgers/ponchi_simplification_batch_014_proposal_before_selection_sync_20260928.csv","bcc6459c90008446450552bacad8976c80998d443f95c49a6cb09e5e90e0bc5c","9c2229d885d3c42c8a9da4760dc9d69ae99fea08f134ebdf33a021451dc2e457"
