"batch_id","review_round","entry_id","sidecar_path","sidecar_sha256","reviewed_sha256","reviewer","review_date","review_scope","verdict","findings","human_decision","generation_status","final_adoption"
"011","1","F-101","assets/ponchi/experiments/prompts/ponchi-simplification-rollout-011/F-101.md","1e4b1309e9ea9ce206729b7a1229693f75bcfd4b5aba80895a118b6e40318a94","1e4b1309e9ea9ce206729b7a1229693f75bcfd4b5aba80895a118b6e40318a94","/root/b11_prompt_review_a","2026-09-28","complete expanded v1.3 prompt text","PASS","Three display destinations and example sizes retained; does not claim universal automatic optimal sizing; branding and generation/adoption gates clear.","pending","not_authorized","not_authorized"
"011","2","F-101","assets/ponchi/experiments/prompts/ponchi-simplification-rollout-011/F-101.md","15cceb7ddd0c648f6acdecc48c7fe01482db9029ee13706ebb2ba8284fd4027b","15cceb7ddd0c648f6acdecc48c7fe01482db9029ee13706ebb2ba8284fd4027b","/root/b11_prompt_review_a","2026-09-28","complete expanded v1.3 prompt text","PASS","Removal list is explicitly proposed and pending human review; meaning, layout, style, brand avoidance, and authorization gates pass.","pending","not_authorized","not_authorized"
"011","1","F-111","assets/ponchi/experiments/prompts/ponchi-simplification-rollout-011/F-111.md","7c261ec08bfb82318d8749aa043a06e36a5592fd790aa7a7b5157e164c8e4f20","7c261ec08bfb82318d8749aa043a06e36a5592fd790aa7a7b5157e164c8e4f20","/root/b11_prompt_review_a","2026-09-28","complete expanded v1.3 prompt text","HOLD","Clarify that screen-reader cue maps only to the After blank accessible-name marker and keyboard cue applies to both controls as a shared input-method cue.","pending","not_authorized","not_authorized"
"011","2","F-111","assets/ponchi/experiments/prompts/ponchi-simplification-rollout-011/F-111.md","b93dd19c991b9707cc3be379003eca49586a7f757a84b793144adf15f0d0364c","b93dd19c991b9707cc3be379003eca49586a7f757a84b793144adf15f0d0364c","/root/b11_prompt_review_a","2026-09-28","complete expanded v1.3 prompt text","PASS","Cue mapping corrected and remaining meaning/style/brand/gate review passed; composition not separately approved. This SHA was later superseded by the review-pending removal heading.","pending","not_authorized","not_authorized"
"011","3","F-111","assets/ponchi/experiments/prompts/ponchi-simplification-rollout-011/F-111.md","2df5d1a157b54479f811de28094dc1ba4d0fcfd1e185180d4446c36a6f76c07c","2df5d1a157b54479f811de28094dc1ba4d0fcfd1e185180d4446c36a6f76c07c","/root/b11_prompt_review_a","2026-09-28","complete expanded v1.3 prompt text","PASS","Removal list is explicitly proposed and pending human review; After-only screen-reader mapping and shared keyboard cue preserved.","pending","not_authorized","not_authorized"
"011","1","F-130","assets/ponchi/experiments/prompts/ponchi-simplification-rollout-011/F-130.md","76f93a85e4797c23429c74d8210c27cb76aa58de2333cebf648272e2af4c0c8e","76f93a85e4797c23429c74d8210c27cb76aa58de2333cebf648272e2af4c0c8e","/root/b11_prompt_review_b","2026-09-28","complete expanded v1.3 prompt text","HOLD","Status conflicted with human-confirmed labels; identify Character A sheet as separate identity reference and base as sole edit target; composition not approved.","pending","not_authorized","not_authorized"
"011","2","F-130","assets/ponchi/experiments/prompts/ponchi-simplification-rollout-011/F-130.md","ae6e8a000879c07bd742e65884758caa1de63323f54a3a5b5543dc08e8b549ad","ae6e8a000879c07bd742e65884758caa1de63323f54a3a5b5543dc08e8b549ad","/root/b11_prompt_review_b","2026-09-28","complete expanded v1.3 prompt text","HOLD","REMOVE heading called details confirmed conflicts with exact composition not separately approved.","pending","not_authorized","not_authorized"
"011","3","F-130","assets/ponchi/experiments/prompts/ponchi-simplification-rollout-011/F-130.md","82136c8a1dcabdb7e85edd49feae41a6a03fa5ea0eafea3334ae0bc0500b9a95","82136c8a1dcabdb7e85edd49feae41a6a03fa5ea0eafea3334ae0bc0500b9a95","/root/b11_prompt_review_b","2026-09-28","complete expanded v1.3 prompt text","PASS","Review-pending removal list resolves contradiction; base alone is edit target, Character A sheet is a separate identity reference, current final is barred.","pending","not_authorized","not_authorized"
"011","1","G-6","assets/ponchi/experiments/prompts/ponchi-simplification-rollout-011/G-6.md","1e806c2259b4c476ad08a42087306315a0d8fff8309b84379a925874500fec8c","1e806c2259b4c476ad08a42087306315a0d8fff8309b84379a925874500fec8c","/root/b11_prompt_review_b","2026-09-28","complete expanded v1.3 prompt text","HOLD","Status conflicted with human-confirmed field labels and exact composition approval status.","pending","not_authorized","not_authorized"
"011","2","G-6","assets/ponchi/experiments/prompts/ponchi-simplification-rollout-011/G-6.md","7c97c4b2820570c1ea51dd143738a9f539511a8f15d7902520b04d4a217636c5","7c97c4b2820570c1ea51dd143738a9f539511a8f15d7902520b04d4a217636c5","/root/b11_prompt_review_b","2026-09-28","complete expanded v1.3 prompt text","HOLD","REMOVE heading called details confirmed conflicts with exact composition not separately approved.","pending","not_authorized","not_authorized"
"011","3","G-6","assets/ponchi/experiments/prompts/ponchi-simplification-rollout-011/G-6.md","15623ae07d650f84511010f334059c42299eb346540e506ee9bb772fe560757a","15623ae07d650f84511010f334059c42299eb346540e506ee9bb772fe560757a","/root/b11_prompt_review_b","2026-09-28","complete expanded v1.3 prompt text","PASS","Review-pending removal list resolves contradiction; meaning, layout, series style, brand avoidance, and separate generation/adoption gates pass.","pending","not_authorized","not_authorized"
