check,x,y,rgb,exact_white,pixels,nonwhite_pixels
top_left,0,0,"253,255,255",False,1,1
top_right,1773,0,"254,255,254",False,1,1
bottom_left,0,886,"253,253,253",False,1,1
bottom_right,1773,886,"254,253,254",False,1,1
"registered_ul_inner_(0.015,0.015)",27,13,"254,254,254",False,1,1
"registered_top_center_left_(0.250,0.015)",444,13,"255,255,255",True,1,0
"registered_left_upper_(0.015,0.250)",27,222,"255,254,255",False,1,1
"registered_ur_inner_(0.750,0.015)",1330,13,"254,254,254",False,1,1
"registered_top_right_inner_(0.985,0.015)",1747,13,"255,255,255",True,1,0
"registered_right_upper_(0.985,0.250)",1747,222,"254,254,254",False,1,1
"registered_left_lower_(0.015,0.750)",27,665,"254,254,254",False,1,1
"registered_bottom_center_left_(0.250,0.985)",444,874,"254,254,254",False,1,1
"registered_bl_inner_(0.015,0.985)",27,874,"255,254,255",False,1,1
"registered_right_lower_(0.985,0.750)",1747,665,"254,254,254",False,1,1
"registered_bottom_center_right_(0.750,0.985)",1330,874,"254,254,254",False,1,1
"registered_br_inner_(0.985,0.985)",1747,874,"254,254,254",False,1,1
3_percent_perimeter_ROI,0,0,edge_x=54;edge_y=27,False,185760,146058
